Ingredient,Allergy
salt,
sunflower oil,
garlic,Allium Allergy
turmeric powder (haldi),
onion,Allium Allergy
red chilli powder,
coriander (dhania) leaves,
ginger,Histamine Allergy
cumin seeds (jeera),
green chillies,
sugar,Sugar Allergy / Intolerance
curry leaves,
water,
asafoetida (hing),
extra virgin olive oil,
mustard seeds,
black pepper powder,
lemon juice,Citrus Allergy
milk,Milk allergy / Lactose intolerance
coriander powder (dhania),
fresh coconut,
cumin powder (jeera),
green chilli,
dry red chillies,
tomatoes,Nightshade Allergy
all purpose flour (maida),Gluten Allergy
oil,
tomato,Nightshade Allergy
whole wheat flour,Gluten Allergy
cinnamon stick (dalchini),
whole black peppercorns,
onions,Allium Allergy
cloves (laung),
cardamom (elaichi) pods/seeds,
jaggery,
mint leaves (pudina),
white urad dal (split),Legume Allergy
whole eggs,Poultry Allergy
carrot (gajjar),Hypersensitivity
potatoes (aloo),Potato Allergy
cashew nuts,
cardamom powder (elaichi),
vanilla extract,
gram flour (besan),Legume Allergy
honey,Honey Allergy
fennel seeds (saunf),
green bell pepper (capsicum),
mustard seeds (rai/ kadugu),
baking powder,
bay leaf (tej patta),
coriander (dhania) seeds,
salt and pepper,
red chilli flakes,
methi seeds (fenugreek seeds),
chana dal (bengal gram dal),Legume Allergy
dry red chilli,
fresh cream,Milk allergy / Lactose intolerance
green peas (matar),Legume Allergy
sesame seeds (til seeds),Seed Allergy
red bell pepper (capsicum),
mustard oil,
carrots (gajjar),Hypersensitivity
ajwain (carom seeds),
corn flour,Corn Allergy
chaat masala powder,
dried oregano,
badam (almond),Nut Allergy
coconut milk,Milk allergy / Lactose intolerance
cinnamon powder (dalchini),
button mushrooms,Mushroom Allergy
amchur (dry mango powder),Oral Allergy Syndrome
sesame (gingelly) oil,Seed Allergy
saffron strands,
rice,Rice Allergy
rice flour,Rice Allergy
caster sugar,Sugar Allergy / Intolerance
basil leaves,
potato (aloo),Potato Allergy
coconut oil,
lemon,Citrus Allergy
arhar dal (split toor dal),
green beans (french beans),Legume Allergy
butter (unsalted),Milk allergy / Lactose intolerance
tamarind,
hung curd (greek yogurt),Milk allergy / Lactose intolerance
baking soda,
brown sugar (demerara sugar),Sugar Allergy / Intolerance
sweet corn,Corn Allergy
parsley leaves,Hypersensitivity
instant oats (oatmeal),
sooji (semolina/ rava),
pistachios,
kashmiri red chilli powder,
whole egg,
roasted peanuts (moongphali),Peanut Allergy
spring onion (bulb & greens),Allium Allergy
spring onion greens,Allium Allergy
spinach leaves (palak),Histamine Allergy
kasuri methi (dried fenugreek leaves),
poppy seeds,
cauliflower (gobi),Cruciferous Allergy
yellow moong dal (split),
basmati rice,Rice Allergy
chicken,Poultry Allergy
ripe bananas,Banana Allergy
walnuts,Nut Allergy
raisins,
mozzarella cheese,
cabbage (patta gobi/ muttaikose),Cruciferous Allergy
bay leaves (tej patta),
cocoa powder,
salt,
butter (salted),Milk allergy / Lactose intolerance
cucumber,
broccoli,Broccoli allergy
raw peanuts (moongphali),Peanut Allergy
whole wheat bread crumbs,Gluten Allergy
chicken breasts,Poultry Allergy
lukewarm water,
methi leaves (fenugreek leaves),
pearl onions (sambar onions),Allium Allergy
brinjal (baingan / eggplant),Nightshade Allergy
spinach,Histamine Allergy
parmesan cheese,
kaddu (parangikai/ pumpkin),
paprika powder,
kabuli chana (white chickpeas),Legume Allergy
green zucchini,
cheddar cheese,
black cardamom (badi elaichi),
vinegar,
dates,Oral Allergy Syndrome
cheese,Milk allergy / Lactose intolerance
tofu,
star anise,
dry ginger powder,Histamine Allergy
mango (ripe),Oral Allergy Syndrome
kalonji (onion nigella seeds),Allium Allergy
black salt (kala namak),
mango (raw),Oral Allergy Syndrome
dessicated coconut,
nutmeg powder,
sugar,Sugar Allergy / Intolerance
strawberries,Salicylate Allergy
beetroot,
yellow bell pepper (capsicum),
condensed milk,Milk allergy / Lactose intolerance
cooked rice,Rice Allergy
tomato ketchup,Nightshade Allergy
mutton,
chilled water,
mixed herbs (dried),
shallots,Allium Allergy
white urad dal (whole),
rajma (large kidney beans),Legume Allergy
ragi flour (finger millet/ nagli),
dark chocolate,
bhindi (lady finger/okra),Histamine Allergy
pineapple,Oral Allergy Syndrome
rosemary,
bottle gourd (lauki),
kala chana (brown chickpeas),Legume Allergy
black olives,
ice cubes,
heavy whipping cream,Milk allergy / Lactose intolerance
cherry tomatoes,Nightshade Allergy
apple,Oral Allergy Syndrome
mooli/ mullangi (radish),Hypersensitivity
iceberg lettuce,LTP Allergy
icing sugar,Sugar Allergy / Intolerance
mixed nuts,Nut Allergy
pickled jalapenos,
lemon zest,Citrus Allergy
poha (flattened rice),Rice Allergy
enos fruit salt,
baby corn,Corn Allergy
green moong dal (whole),
peanut butter,Peanut Allergy
fresh orange juice,Citrus Allergy
britannia cream cheese,Milk allergy / Lactose intolerance
rose water,
dry coconut (kopra),
dried thyme leaves,
chocolate chips,
whole almonds (badam),Nut Allergy
ginger,Histamine Allergy
masoor dal (whole),
dill leaves,
vivatta maida,
sweet potatoes,Potato Allergy
flax seed powder (flax meal),
prawns,
raw banana,Banana Allergy
buttermilk,Milk allergy / Lactose intolerance
feta cheese,
fresh thyme leaves,
boneless chicken,Poultry Allergy
anardana powder (pomegranate seed powder),
baby potatoes,Potato Allergy
tortillas,
black urad dal (split),
orange zest (rind),Citrus Allergy
fresh pomegranate fruit kernels,
mace (javitri),
italian seasoning,
drumstick,
fresh red chillies,
avocado,Oral Allergy Syndrome
red onion,Allium Allergy
celery,Hypersensitivity
sev,
hot water,
cranberries,
sultana raisins,Legume Allergy
elephant yam (suran/senai/ratalu),Potato Allergy
fennel powder,
karela (bitter gourd/ pavakkai),
whole black pepper corns,
quinoa,
khoya (mawa),
chia seeds,
roasted gram dal (pottukadalai),
sweet potato,Potato Allergy
milk powder,Milk allergy / Lactose intolerance
gingelly oil,
slivered almonds (badam),Nut Allergy
mixed vegetables,
kokum (malabar tamarind),
black eyed beans (lobia),Legume Allergy
apples,Oral Allergy Syndrome
onion,Allium Allergy
garam masala,
garlic,Allium Allergy
butter,Milk allergy / Lactose intolerance
nutmeg,
garlic powder,Allium Allergy
ghee,
small brinjal (baingan / eggplant),Nightshade Allergy
bajra flour ( pearl millet),
oil,
orange,Citrus Allergy
jowar flour (sorghum),
water,
instant coffee powder,Ochratoxin Allergy
coriander (dhania) powder,
curry leaves,
foxtail millet,
classic mayonnaise (with egg),
red yellow and green bell peppers (capsicum),
milk,Milk allergy / Lactose intolerance
olive oil,
lemon wedges,Citrus Allergy
dijon mustard,
broken wheat (dalia/ godumai rava),Gluten Allergy
brown rice,Rice Allergy
penne pasta,
horse gram dal (kollu/ kulith),
spaghetti pasta,
lemongrass,Citrus Allergy
chilli vinegar,
byadagi dried chillies,
soy chunks (nuggets),Legume Allergy
raw papaya,Oral Allergy Syndrome
colocasia root (arbi),
black pepper corns,
sabudana (tapioca pearls),
ridge gourd (turai/ peerkangai),
makki ka atta (yellow corn meal flour),Corn Allergy
maple syrup,
kiwi,Oral Allergy Syndrome
apple cider vinegar,Oral Allergy Syndrome
rolled oats or instant oats,
rice vinegar,Rice Allergy
oats flour,
red wine vinaigrette,
pav bhaji masala,
egg yolks,
balsamic vinegar,
red chilli powder,
lemon juice,Citrus Allergy
rock salt,
watermelon,
muesli,
cooking soda,
jaggery,
sunflower seeds,
red yellow or green bell pepper (capsicum),
sea salt,
gelatin,
tomato,Nightshade Allergy
whole cashews,
white vinegar,
green chilli paste,
green bell peppers,
flax seeds,
drumstick leaves (moringa/murungai keerai),
black urad dal (whole),
white pepper powder,
rasam powder,
palm sugar,Sugar Allergy / Intolerance
fresh red chilli,
lemons,Citrus Allergy
black sesame seeds,Seed Allergy
green chillies,
black pepper,
thai red chilli (birds eye chilli),
tindora (dondakaya/ kovakkai),
cayenne pepper,
turmeric powder,
ricotta cheese,
shrimps,
puffed rice,Rice Allergy
phool makhana (lotus seeds),
nutralite classic spread,
green moong dal (split),
kashmiri dry red chillies,
dried figs,
tahini,
semiya (vermicelli),
lemon grass,Citrus Allergy
egg whites,
hakka noodles,
blueberries,
cucumbers,
boondi,
burger buns,
urad dal,
baguette,
amla (nellikai/ gooseberry),Salicylate Allergy
apricots,Stone Fruit Allergy
rose petals,
jackfruit raw (kathal),
cumin (jeera) seeds,
britannia cheese block,
beetroots,
saffron,
garam masala powder,
carrot,Hypersensitivity
mixed dry fruits,
nutralite garlic & oregano spread,Allium Allergy
buckwheat flour (kuttu ka atta),Gluten Allergy
dried basil leaves,
custard powder,Milk allergy / Lactose intolerance
cinnamon stick,
bean sprouts,Legume Allergy
mustard seeds,
eggs,Poultry Allergy
cinnamon,
coconut,
rolled oats,
pav buns,
purple cabbage,Cruciferous Allergy
fresh cherries,
leek,Allium Allergy
english cucumber,
gawar phali (kothavarangai / cluster beans),Legume Allergy
kaffir lime leaves,Citrus Allergy
fresh herbs,
lettuce leaves,LTP Allergy
chocolate bar,
curry powder,
tomatoes,Nightshade Allergy
avarekalu / lilva beans,Legume Allergy
green chilli,
baking powder,
white chocolate,
vellai poosanikai (ash gourd/white pumpkin),
yellow zucchini,
ragi seeds,
papaya,Oral Allergy Syndrome
mangalorean cucumber,
nutella spread,
green amaranth leaves,
fresh figs,
egg white,
dry fruits,
barnyard millet,
aerated water (soda water),
flour,
cream,Milk allergy / Lactose intolerance
coriander,
melon seeds,
pumpkin seeds,
red matta rice,Rice Allergy
fish,Fish Allergy
fresh fruits,
fish fillet,Fish Allergy
dark chocolate chips,
chicken stock,Poultry Allergy
turmeric,
onions,Allium Allergy
mustard oil,
curd,Milk allergy / Lactose intolerance
egg,
garlic paste,Allium Allergy
cardamom,
baking soda,
thai basil leaves,
soy granules,Legume Allergy
tandoori masala,
methi powder (fenugreek powder),
marie biscuit,
prunes,Stone Fruit Allergy
oranges,Citrus Allergy
pointed gourd (parval),
kala jeera,
double cream,Milk allergy / Lactose intolerance
date syrup,Oral Allergy Syndrome
chocolate ganache,
dried rose petals,
banana stem,Banana Allergy
barley (seeds),Gluten Allergy
badi (wadi),
ginger garlic paste,"Allium Allergy, Histamine Allergy"
honey,Honey Allergy
coriander powder,
coriander leaves,
soybeans (whole soya dal),Legume Allergy
salted butter,Milk allergy / Lactose intolerance
veg hakka noodles,
sichuan peppercorns,
rice wine vinegar,Rice Allergy
onion powder,Allium Allergy
rajgira flour (amaranth flour),
mixed fruits,
mascarpone cheese,
palm jaggery,
jowar seeds,
coal,
bok choy,
black rice,Rice Allergy
cheese spread,
canola oil,
baby spinach,Histamine Allergy
sesame seeds,Seed Allergy
achari mayo,
banana leaf,Banana Allergy
lemon,Citrus Allergy
almonds,Nut Allergy
tender coconut water,
soy milk,Legume Allergy
rice noodles (flat),Rice Allergy
stone flower,Stone Fruit Allergy
rice vermicelli noodles (thin),Rice Allergy
tulsi (holy basil),
red cabbage,Cruciferous Allergy
pink masoor dal (split),
oreo biscuits,
peaches,Stone Fruit Allergy
lotus stem,
green beans,Legume Allergy
groundnut powder,Peanut Allergy
goat cheese,Milk allergy / Lactose intolerance
gulkand,
jackfruit ripe (kathal),
chives,
brown cardamom (badi elaichi),
chenna (homemade cottage cheese),
decorative sugar (cake/ candy sprinkles),Sugar Allergy / Intolerance
chironji,
dosa rice,Rice Allergy
dry mix herbs,
chana dal,
soy sauce,Legume Allergy
black beans,Legume Allergy
parsley,Hypersensitivity
cardamom powder,
yellow mustard seeds,
wheat bran,Gluten Allergy
white wine vinegar,
urad dal flour,
turnips,
pine nuts,Nut Allergy
mace powder,
mooli ke patte (radish greens),
egg noodles,
green olives,
hard taco shells,
couscous,
edible silver foil/leaf (chandi ka vark),
caramelized onions,Allium Allergy
coconut sugar,Sugar Allergy / Intolerance
arugula leaves,
basa fish,Fish Allergy
avarekai (broad beans),Legume Allergy
raisins,
cumin powder,
garlic cloves,Allium Allergy
cashew nuts,
clarified butter,Milk allergy / Lactose intolerance
chilli powder,
bay leaf,
cloves,
snake gourd (pudulangai),
tzatziki,
rum,
vanilla custard,Milk allergy / Lactose intolerance
rice rava,Rice Allergy
za'atar,
pecans,Nut Allergy
macaroni pasta,
peanut oil,Peanut Allergy
pasta fusilli,
jackfruit seeds (kathal),
kale,Cruciferous Allergy
galangal,
homemade hummus,
canned cherries,
corn flakes,Corn Allergy
britannia cheezza,
cane sugar,Sugar Allergy / Intolerance
broken raw rice,Rice Allergy
coffee decoction,Ochratoxin Allergy
bajra (seeds),
vegetable oil,
yogurt,Milk allergy / Lactose intolerance
banana flower (vazhaipoo),Banana Allergy
refined flour,
potato,Potato Allergy
gram flour,
ginger paste,Histamine Allergy
castor sugar,Sugar Allergy / Intolerance
wheat noodles,Gluten Allergy
vanilla ice cream,Milk allergy / Lactose intolerance
urad dal,
pizza seasoning,
pomegranate juice,
mini pita breads,
red amaranth leaves,
jam,
granola,
green grapes,LTP Allergy
french loaf,
eggless mayonnaise,
corn flour tortilla,Corn Allergy
chayote,
charcoal,
carrots,Hypersensitivity
black grapes,LTP Allergy
chicken thighs,Poultry Allergy
bacon strips,
avocados,Oral Allergy Syndrome
asparagus,Allium Allergy
vinegar,
arborio rice,Rice Allergy
agar agar,
refined oil,
red onion,Allium Allergy
salt and pepper,
mint leaves,
fresh coconut,
cumin seeds,
ginger-garlic paste,"Allium Allergy, Histamine Allergy"
all purpose flour,
bay leaves,
coconut oil,
sage,
rose essence,
singhade (water chestnut),Nut Allergy
wheat berries/ whole wheat,Gluten Allergy
rice paper rolls,Rice Allergy
wheat flour,Gluten Allergy
thandai masala,
salt to taste,
small green brinjal (green aubergine),
sumac,
portobello mushrooms,Mushroom Allergy
multigrain digestive oat biscuits,
nendra pazham banana (ripe),Banana Allergy
pineapple juice,Oral Allergy Syndrome
moong dal,
milk chocolate,Milk allergy / Lactose intolerance
pomfret fish,Fish Allergy
moth dal (matki),
red wine,
red radish,Hypersensitivity
fresh raspberries,
govind bhog rice,Rice Allergy
guava,Oral Allergy Syndrome
fresh turmeric root,
green seedless grapes,LTP Allergy
herb butter,Milk allergy / Lactose intolerance
food color,
kashmiri dry red chilli,
capers,
corn meal,Corn Allergy
dried green peas (vatana),Legume Allergy
cheese slices,
canned black beans,Legume Allergy
chiroti rava,
digestive biscuit,
chow chow (chayote squash),
confectioners sugar,Sugar Allergy / Intolerance
chocolate shavings,
baked beans,Legume Allergy
tomato puree,Nightshade Allergy
rice flour,Rice Allergy
peanuts,Peanut Allergy
plain flour,
semolina,
sea salt,
green chilies,
green chili,
grated coconut,
green cardamom,
bengal gram flour,
coconut milk,Milk allergy / Lactose intolerance
chana dal,
rohu fish,Fish Allergy
white broad beans,Legume Allergy
roasted gram flour (sattu ka atta),
spirali pasta,
rocket leaves,
spirulina,
sardine fish,Fish Allergy
seer fish,Fish Allergy
mustard greens,
nolen gur,
plantain stem,
parmigiano reggiano cheese,
pears,Oral Allergy Syndrome
mixed sprouts,
mutton kheema,
pasta,
plums,Stone Fruit Allergy
peanuts,Peanut Allergy
pani puris,
papad,
khuskhus,
lamb,
hilsa fish,Fish Allergy
fried bread cubes (croutons),
fresh oregano,
kewra essence,
colocasia leaves (arbi),
chhena,
dagad phool (/pathar phool/black stone flower),Stone Fruit Allergy
chicken drumstick,Poultry Allergy
chana masala powder,
chicken legs,Poultry Allergy
conchiglie pasta,
chicken wings,Poultry Allergy
britannia cheese spread - roasted garlic,Allium Allergy
chilled butter,Milk allergy / Lactose intolerance
dried yellow/white peas (vatana),Legume Allergy
chilli oil,
clove powder (laung),
badi hari mirch (large green chilli),
wheat flour,Gluten Allergy
baileys irish cream,Milk allergy / Lactose intolerance
spinach,Histamine Allergy
biryani masala,
sesame oil,Seed Allergy
pepper,
nutmeg,
pistachio,
mustard,
nuts,Nut Allergy
garlic powder,Allium Allergy
gur,
green peas,Legume Allergy
fennel seeds,
hot water,
kasuri methi,
green cardamoms,
brown sugar,Sugar Allergy / Intolerance
basil,
celery,Hypersensitivity
beans,Legume Allergy
chillies,
capsicum,
tea leaves,Tannin Allergy
white onion,Allium Allergy
toothpicks,
split mustard seeds (rai kuria),
tea bags,Tannin Allergy
salad leaves,
tinda (apple gourd),Oral Allergy Syndrome
sugar syrup,Sugar Allergy / Intolerance
seeraga (jeeraga) samba rice,Rice Allergy
sundakkai (turkey berries),Poultry Allergy
singoda flour (water chestnut),
tapioca root,
yogurt,Milk allergy / Lactose intolerance
papdi puris,
polenta,
potatoes,Potato Allergy
mango pickle,Oral Allergy Syndrome
orange marmalade jam,Citrus Allergy
papads,
meat masala,
red chilli paste,
panini bread,
hot dog bread,
kalmatta olives,
hazelnut,Nut Allergy
lasagna sheets,
lemon pound cake,Citrus Allergy
green capsicum,
french bread,
fresh green chickpeas,Legume Allergy
kosher salt,
fresh green toor dal (pigeon pea),Legume Allergy
gond (natural gum),
jasmine rice,Rice Allergy
kewra water,
guntur dried chillies,
britannia cheese spread - mexican chilli,
britannia cheese cubes,
blanched tomatoes,Nightshade Allergy
britannia cheese spread - classic,
bottle gourd,
corn kernels,Corn Allergy
ciabatta bread,
britannia cheese spread - four pepper tango,
betel leaves (paan),
vanilla essence,
arrowroot flour,
tamarind,
white wine,
tomato sauce,Nightshade Allergy
thyme,
white pepper,
assam tea leaves,Tannin Allergy
bathua leaves,
amaranth seeds (rajgira),
apple juice,Oral Allergy Syndrome
potatoes,Potato Allergy
oats,
red chilli,
mozzarella cheese,
rice,Rice Allergy
peas,Legume Allergy
corn flour,Corn Allergy
coriander seeds,
green cardamom powder,
fenugreek seeds,
cocoa powder,
cinnamon powder,
chili powder,
cabbage,Cruciferous Allergy
black pepper powder,
cashews,
basmati rice,Rice Allergy
chilli flakes,
wheat germ,Gluten Allergy
sesame powder,Seed Allergy
yellow food colour,
spring roll wrappers,
shallot,Allium Allergy
rice noodles,Rice Allergy
split methi seeds (methi kuria),
ridge gourd skin (turai/ peerkangai),
vangi bath powder,
sambal paste,
veeba sweet chilli sauce,
tapioca flour (sago),
watermelon seeds,
tarragon,
white beans,Legume Allergy
sorrel leaves (gongura),
yellow fenugreek seeds,
sourdough bread,
musk melon,
red grapes,LTP Allergy
quinoa flour,
mint powder (pudina),
red seedless grapes,LTP Allergy
maida,
punjabi style mango pickle,Oral Allergy Syndrome
mackerel fish,Fish Allergy
red baby radish,Hypersensitivity
phulka,
red poha (flattened red rice),Rice Allergy
moth sprouts (matki),
pizza base,
green apple,Oral Allergy Syndrome
graham cracker crumbs,
knol khol (ganth gobi/kadam),
english cucumbers,
gram flour,
green chawli beans (yard long beans/karamani/barbati),Legume Allergy
glazed cherries,
hara chana,
gouda cheese,
flat green beans,Legume Allergy
leftover roti,
ice cream,Milk allergy / Lactose intolerance
garlic butter,Milk allergy / Lactose intolerance
fennel bulb,
dry white wine,
britannia cheese spread - asli pepper,
chikoo (sapota fruit),
boiled egg,
bulgur wheat,Gluten Allergy
cottage cheese,
crackers,
coconut,
star anise,
vanilla extract,
aloo bhujia,
almond essence (badam essence),Nut Allergy
spring onion,Allium Allergy
soya sauce,Legume Allergy
walnuts,Nut Allergy
bagel,
yellow chilli powder,
maida,
rava,
rock salt,
mint,
raw rice,Rice Allergy
pomegranate,
orange,Citrus Allergy
oregano,
powdered sugar,Sugar Allergy / Intolerance
lime juice,Citrus Allergy
egg yolk,
heavy cream,Milk allergy / Lactose intolerance
dry fruits,
icing sugar,Sugar Allergy / Intolerance
cucumber,
desi ghee,
extra virgin olive oil,
cornflour,Corn Allergy
garlic cloves (minced),Allium Allergy
fresh cream,Milk allergy / Lactose intolerance
cinnamon sticks,
cilantro,
black peppercorns,
besan,
cinnamon stick,
boneless chicken,Poultry Allergy
clove,
basil leaves,
banana,Banana Allergy
black salt,
white butter,Milk allergy / Lactose intolerance
shiitake mushrooms,Mushroom Allergy
wild rice,Rice Allergy
spring onion bulbs,Allium Allergy
salmon fillet,Fish Allergy
tagliatelle pasta,
veeba carrot cucumber sandwich spread,Hypersensitivity
wheat flakes (cereal),Gluten Allergy
sultanas,Legume Allergy
rye bread,Gluten Allergy
semolina,
udon noodles,
nachos,
pickle masala,
mor milagai (dried green chillies),
oat bran,
rabri,
multigrain digestive biscuits,
raspberry compote,Salicylate Allergy
pitted cherries,
orange pulp,Citrus Allergy
pabda fish,Fish Allergy
mixed spices,
malwani masala,
ragi dosa battter,
manathakkali kaiâ vathal,
rasgulla,
paneer,
ratan jot (alkanet),
potato,Potato Allergy
orange liquor,Citrus Allergy
pumpkin pie spice,
red romaine lettuce,LTP Allergy
orange color,Citrus Allergy
purple yam,Potato Allergy
plum,Stone Fruit Allergy
multigrain flour,
grand marnier,
kashmiri rajma,
long green brinjal,
hog plum (amtekai),Stone Fruit Allergy
kodo millet,
flour,
ginger juice,Histamine Allergy
filter coffee powder,Ochratoxin Allergy
fettuccine pasta,
indian borage (doddapatre),
kesar milk masala,Milk allergy / Lactose intolerance
green romaine lettuce,LTP Allergy
kolhapuri masala,
japanese eggplant,Nightshade Allergy
lime wedges,Citrus Allergy
greens,
groundnut oil,Peanut Allergy
crusty bread log,
black raisins,
dried raspberries,
boiled peanuts,Peanut Allergy
crabs,
edible camphor (pacha karpooram),
bourbon biscuits,
coconut cream,
brie cheese,
blue cheese,
chipotle peppers,
butternut squash,Milk allergy / Lactose intolerance
brussel sprouts,Cruciferous Allergy
chicken ham,Poultry Allergy
chocolate wafers,
butterscotch chips,Milk allergy / Lactose intolerance
chicken sausage,Poultry Allergy
cooking oil,
dry beans,Legume Allergy
coriander seeds,
dry dates powder (kharik pud),Oral Allergy Syndrome
corn cob,Corn Allergy
blackberries,
thick poha,
white chocolate,
tamarind paste,
tomato paste,Nightshade Allergy
white sesame seeds,Seed Allergy
unsalted butter,Milk allergy / Lactose intolerance
bhetki fish,Fish Allergy
sev,
bean paste,Legume Allergy
vegetable stock,
besan,
khus khus,
sambar powder,
lemon rind,Citrus Allergy
rose water,
red chillies,
prawns,
poppy seeds,
oyster sauce,
lemon (juiced),Citrus Allergy
nutmeg powder,
paprika powder,
salted butter,Milk allergy / Lactose intolerance
green,
ground black pepper,
green chilli paste,
dough,
hing,
dry coconut,
curry leaf,
fenugreek leaves,
green onions,Allium Allergy
fish,Fish Allergy
dark chocolate,
french beans,Legume Allergy
cottage cheese,
garlic,Allium Allergy
all-purpose flour,
black cardamoms,
almond,Nut Allergy
berries,
arhar dal,
almonds (crushed),Nut Allergy
chaat masala,
ajwain,
blueberries,
chives,
chocolate chips,
cooked rice,Rice Allergy
sprite,
vegetable stock,
urad dal papad,
sundried tomatoes,Nightshade Allergy
wheat grass powder,Gluten Allergy
sama flour (little millet),
whole wheat flour (atta),Gluten Allergy
sambal oelek,
veeba pizza & pasta sauce,
sprouted ragi,
shark fish,Fish Allergy
swiss cheese,
soy flour,Legume Allergy
taco seasoning,
rice ada,Rice Allergy
sponge cake slice,
soft taco shells,
star fruit,
sesame oil,Seed Allergy
rose syrup,
veeba white pasta dressing,
tequila,
rice puttu,Rice Allergy
tetley long leaf green tea,Tannin Allergy
sugar snap peas,"Legume Allergy, Sugar Allergy / Intolerance"
thai jasmine rice,Rice Allergy
sugarcane juice,Sugar Allergy / Intolerance
thai sweet chilli sauce,
white garbanzo,
thandai powder,
refined flour,
thin semiya (seviyan),
snow peas,Legume Allergy
thonnai (dried leaves),
riety of rice.,Rice Allergy
tikka masala,
yellow squash,
triple sec,
ridge gourd,
oysters,
pumpkin leaves,
maltesers,
maida flour,
rabdi,
papad khar,
napa cabbage,Cruciferous Allergy
mixed greens,
pretzels,
mixed lentils,Legume Allergy
orange peel,Citrus Allergy
mixed millets,
orzo pasta,
olive oil,
nan,
parsnip,Hypersensitivity
neem leaves,
passion fruit,Oral Allergy Syndrome
red kidney beans,Legume Allergy
molasses,
prune spread,Stone Fruit Allergy
moong dal namkeen,
mutton legs,
phyllo sheets,
manathakkali keerai,
pigeon peas,Legume Allergy
rabodi (dried corn papad),Corn Allergy
pimiento-stuffed green olives,
nagkesar/cassia buds,
pineapple essence,Oral Allergy Syndrome
rava,
pink flesh dragon fruit/pitaya,
raw banana peel,Banana Allergy
orange bell pepper (capsicum),Citrus Allergy
raw rice,Rice Allergy
plain flour,
red black eyed beans (azuki),Legume Allergy
mussels,
red food color,
pomegranate molasses,
mixed berries,
potato masala,Potato Allergy
nylon sabakki,
goond (edible gum),
jelly mix,Honey Allergy
gunde (bird lime),Citrus Allergy
ginger cookies,Histamine Allergy
lotus seeds,
ice apple (nongu),Oral Allergy Syndrome
gulab jamun,
ginger paste,Histamine Allergy
green food colour,
linguine pasta,
lima beans,Legume Allergy
garlic salt,Allium Allergy
gilka (sponge/silk squash),
loose leaf tea,Tannin Allergy
jello,
gherkins,
lamb ribs,
jamun (black plum),Stone Fruit Allergy
egg,
honey dew melon,Honey Allergy
foxtail millet flour,
khaman dhokla,
great northern beans,Legume Allergy
kimchi,
falooda sev,
king fish,Fish Allergy
gruyere cheese,
long string bean (chavli),Legume Allergy
goan recheado masala,
lotus root,
kandathipli,
kashmiri masala powder,
kachri (wild cucumber),
kababchini (tailed pepper),
britannia cheese slice,
dried neem flowers,
dragon fruit (pitaya),
citric acid crystals,
chinese cabbage,Cruciferous Allergy
cheese cubes,
brandy,
black tea,Tannin Allergy
bread rusks,
chickpea flour,
chicken thigh,Poultry Allergy
coriander leaves,
butter,Milk allergy / Lactose intolerance
chocolate cake,
chole,
chocolate ice cream,Milk allergy / Lactose intolerance
double beans,Legume Allergy
canned tuna,Fish Allergy
dried anardana seeds (pomegranate seeds dried),
curd,Milk allergy / Lactose intolerance
chenna,
cantaloupe,
cajun spice mix,
custard apple (sitaphal),Oral Allergy Syndrome
coca cola,
chicken masala,Poultry Allergy
dry corn kernals,Corn Allergy
black pepper,
cotton threads,
dark rum,
crepes,
crushed ice,
coconut yogurt,Milk allergy / Lactose intolerance
vanilla,
arisithipli,
apple puree,Oral Allergy Syndrome
whole milk,Milk allergy / Lactose intolerance
sour cream,Milk allergy / Lactose intolerance
bitter sweet chocolate,
alu bukhara,
whole red chilli,
arbi ke patte,
whole red chillies,
white pepper powder,
whole wheat flour,Gluten Allergy
bamboo shoots,Histamine Allergy
wine vinegar,
spring onions,Allium Allergy
worcestershire sauce,
skimmed milk,Milk allergy / Lactose intolerance
bimbla (bilimbi),
apple vodka,Oral Allergy Syndrome
zeera powder,
arhar dal,
aam papad (sun dried mango),Oral Allergy Syndrome
artichokes,Insulin Allergy
white bread slices,
tamarind pulp,
besan flour,
sesame,Seed Allergy
sugar syrup,Sugar Allergy / Intolerance
basil seeds (sabja),
alfalfa sprouts,
beer,Beer Allergy
aloo,
whole egg,
aloo tikki (potato),Potato Allergy
aar maach (fish),Fish Allergy
bhaja masala,
shallots,Allium Allergy
mayonnaise,
refined flour (maida),
red food coloring,
nigella seeds,
mace,
mace powder,
kosher salt,
pepper (freshly ground),
red wine,
pepper powder,
mushrooms,Mushroom Allergy
low fat,
lamb,
malai,
red chilli flakes,
mawa,
low fat milk,Milk allergy / Lactose intolerance
oil (for frying),
red pepper,
oil (for greasing),
low fat yogurt,Milk allergy / Lactose intolerance
olives,
paprika,
kokum,
salt & pepper,
processed cheese,
rosemary,
onion (diced),Allium Allergy
pearl millet flour,
onion powder,Allium Allergy
parmesan cheese,
leeks,Allium Allergy
khoya,
green apple,Oral Allergy Syndrome
double cream,Milk allergy / Lactose intolerance
green onion,Allium Allergy
fresh cilantro,
greek yogurt,Milk allergy / Lactose intolerance
kasoori methi,
edible gum,
fresh parsley leaves,Hypersensitivity
cream cheese,Milk allergy / Lactose intolerance
full fat milk,Milk allergy / Lactose intolerance
idli rice,Rice Allergy
imli,
dry white wine,
jaggery syrup,
edible flower,
garlic cloves (crushed),Allium Allergy
green chilli sauce,
garlic cloves (smashed),Allium Allergy
espresso,
garlic pods,Allium Allergy
ground cumin,
ginger and garlic,"Allium Allergy, Histamine Allergy"
desiccated coconut,
ginger powder,Histamine Allergy
drumsticks,
dessicated coconut,
garlic (minced),Allium Allergy
freshly ground black pepper,
boiling water,
clarified butter (desi ghee),Milk allergy / Lactose intolerance
condensed milk,Milk allergy / Lactose intolerance
cayenne pepper,
cashews (kaju),
beetroot,
balsamic vinegar,
brandy,
almonds (blanched),Nut Allergy
breakfast sugar,Sugar Allergy / Intolerance
clove powder,
cheddar cheese,
cassia bark or cinnamon stick,
cherry tomato,Nightshade Allergy
badam,
chicken,Poultry Allergy
avocado oil,Oral Allergy Syndrome
chicken mince,Poultry Allergy
cooking oil,
broccoli,Broccoli allergy
carrots,Hypersensitivity
chilli,
black sesame seeds,Seed Allergy
bell peppers,
black cardamom,
black pepper (crushed),
amchur powder,
almond paste,Nut Allergy
caster sugar,Sugar Allergy / Intolerance
almond powder,Nut Allergy
chocolate,
apple,Oral Allergy Syndrome
asafoetida (heeng),
cardamoms,
butter (softened),Milk allergy / Lactose intolerance
button mushroom,Mushroom Allergy
bread crumbs,
shell pasta,
whole chicken,Poultry Allergy
white fish (cut into cubes),Fish Allergy
thin rice flakes,Rice Allergy
yams (red skinned),Potato Allergy
samvat rice,Rice Allergy
whisky,
sangri,
silver balls,
tandoori chicken masala,Poultry Allergy
soba noodles,
spine gourd (kankoda),
sorghum,
savoiardi,
wheat grass,Gluten Allergy
toasted almonds,Nut Allergy
tender mango (appe midi),Oral Allergy Syndrome
sea bass fillets,
shrikhand,
tomatillo,
soya chunks,Legume Allergy
risotto rice,Rice Allergy
whole moong beans,Legume Allergy
sear fish,Fish Allergy
with curry,
seaweed sheets,Fish Allergy
rigatoni pasta,
soup buns,
weet bix,
seedless dates,Oral Allergy Syndrome
sherry,
tandoori marinade,
sweet boondi,
sticky rice,Rice Allergy
white balsamic vinegar,
turkey berries,Poultry Allergy
white cannelloni beans,Legume Allergy
turkey berry,Salicylate Allergy
white hibiscus leaves,
yoghurt,Milk allergy / Lactose intolerance
rice flakes,Rice Allergy
young corn on the cob,Corn Allergy
white wine and water mix to cover,
rye flour,Gluten Allergy
sarsaparilla (mahali root),
river sole fish (cut in thin strips),Fish Allergy
roomali roti,
tutti frutti ice cream,Milk allergy / Lactose intolerance
whole turmeric,
riety of rice,Rice Allergy
whole wheat rava,Gluten Allergy
split pigeon peas,Legume Allergy
wood apple (bael fruit),Oral Allergy Syndrome
uncooked quinoa,
yellow cornmeal,Corn Allergy
unsalted butter,Milk allergy / Lactose intolerance
rice water,Rice Allergy
serrano pepper,
soya sauce,Legume Allergy
rgh mahal,
spinach basil sauce,Histamine Allergy
saoji masala,
rusk,
vaal beans,Legume Allergy
route pasta,
strawberry cake,Salicylate Allergy
tender coconut meat,
sweet piquantã© pepper,
whiskey,
strawberry essense,Salicylate Allergy
white bacardi rum,
soy flakes,Legume Allergy
sugarcane vinegar,Sugar Allergy / Intolerance
vanilla infused tequila,
split urad dal,
veeba burger mayonnaise,
shortbread cookies,
strawberry jam,Salicylate Allergy
sweetened coconut flakes,
veeba chilli oregano sauce,
teriyaki sauce,
yield,
white pomfret fish,Fish Allergy
veeba pasta sauce,
refined oil,
runner beans,Legume Allergy
white wine,
strawberry vodka,Salicylate Allergy
swiss chards,
veeba thousand island dressing,
slider bun,
risotto,
rooh afza sharbat,
rice paper sheets,Rice Allergy
whole coriander seeds,
vegan yogurt starter,Milk allergy / Lactose intolerance
rice cereal,Rice Allergy
vegetable oil,
whole turkey,Poultry Allergy
tart apples (2 large),Oral Allergy Syndrome
reserved water,
sevai,
sattu,
vermicelli pudding,
sweet paan mix,
sevaiyan,
wonton wraps,
seven up,
yakisoba noodles,
walking catfish,Fish Allergy
sauerkraut,
strawberry wafers,Salicylate Allergy
ziti pasta,
tea,Tannin Allergy
sole fillet (you can also do 2/3 types of fish),Fish Allergy
shallow fried chicken,Poultry Allergy
squid,
watermelon juice,
thandai syrup,
watermelon rind,
veeba garlic mayo,Allium Allergy
turkey breast,Poultry Allergy
soya chaap,Legume Allergy
turmeric leaves,
zucchini,
summac,
sun dried tomato pesto,Nightshade Allergy
purple basil,
mandi,
naan bread,
motichoor ladoos,
red khara sev,
marshmallows,
moong bori (dried lentil dumplings),Legume Allergy
parwal,
oven temp: 150 c-300 f,
marzipan,
parshe,
mixed grains,
meringues,
pink food colour,
quail eggs,Poultry Allergy
mughlai meetha attar,
mixed beans,Legume Allergy
pinto beans,Legume Allergy
ranch,
pirandai,
oats dosa batter,
pistachio extract,
phyllo dough,
made using indian spices,
nilla cookies,
pita saga,
red mustard seeds,
maida/ flour,
m&mâ€™s chocolate candies,
orange blossom water,Citrus Allergy
purple carrots,Hypersensitivity
pizza base,
oats,
pizza dough (2 boules),
mint rice,Rice Allergy
masauras,
n lime and ginger and cooked over an open fire.,Citrus Allergy
mixed vegetables - chopped fine or grated,
mango coulis,Oral Allergy Syndrome
multigrain digestive ragi biscuits,
ras el hanout spice blend,
mexican seasoning,
rasna,
plum rose fruit,Stone Fruit Allergy
rava/suji/semolina,
orange curd,Milk allergy / Lactose intolerance
raw peanuts,Peanut Allergy
poblano chillies,
neem flowers,
mushroom,Mushroom Allergy
medu vada,
pohala fish,Fish Allergy
onion rings,Allium Allergy
mushroom stems,Mushroom Allergy
red lentils or masoor dal (half-boiled),Legume Allergy
orange essence,Citrus Allergy
red pepper,
pastry dough,
red rice vermicelli / broken sooji / semolina vermicelli,Rice Allergy
pav,
puris used for pani puri,
mustard flowers (edible),
mutton liver,
popped amaranth seeds,
pearl onions,Allium Allergy
popped amaranthus (cholai),
n and spices,
malabar peppercorn,
r dried slices of bananas (fruits of herbaceous plants of the genus musa of the soft,Banana Allergy
pork belly,
margarine (reduced calorie),
pork chop,
radhuni,
pork sausage,
ragi flour,
malabar spinach leaves,Histamine Allergy
naan,
pot barley,Gluten Allergy
raita masala,
mixed boiled beans (choose from rajma,Legume Allergy
pecorino romano cheese,
red snapper fish,Fish Allergy
ranch sauce,
red wine (merlot / zinfandel),
namak para,
mango ginger (manga inji),Oral Allergy Syndrome
rasgulla syrup,
potato straws,Potato Allergy
one can of sweetened condensed milk,Milk allergy / Lactose intolerance
matzo meal,
peruvian beans,Legume Allergy
meat curry powder,
pheni,
mutton (wash and cut into very small cubes),
mangai vathal (dried mango),Oral Allergy Syndrome
prawns (shelled and cleaned),Shellfish Allergy
natal plum (karonde),Stone Fruit Allergy
momos,
reacheado masala,
processed cheese,
pachranga pickle,
processed crab meat,
phyllo tartlet cups,
provolone cheese,
night jasmine (flower stem),
moninâ€™s cuaracao triple sec,
pickle,
mutton chops,
palak,
pudina dahi chutney,
millet flour,
puffed grains,
noodles,
malt vinegar,
norwegian salmon,Fish Allergy
pumpkin flowers,
palm fruit,
mangodi,Oral Allergy Syndrome
red rice flour,Rice Allergy
mango,Oral Allergy Syndrome
mango juice,Oral Allergy Syndrome
maize dalia (broken corn meal),
moong beans,Legume Allergy
mandarin orange,Citrus Allergy
matcha powder,
milk (whole fat or skimmed),Milk allergy / Lactose intolerance
potato (boiled),Potato Allergy
panko,
fresno pepper,
fresh sole fish,Fish Allergy
khoa,
fennel leaves,
lavender buds,
ible,
ker,
ice,
kitkat bars,
filo pastry,
hazelnut meal (powder),Nut Allergy
green olive pesto,
green garlic chutney,Allium Allergy
ice cream cone,Milk allergy / Lactose intolerance
long pepper,
garam masala powder,
khaman,
ice wine,
khus syrup,
farsan,
fresh rose petals,
garlic bread spice mix,Allium Allergy
kunafa pastry,
icken cooked in a rich gravy with mint,
lamb mince,
idiyappam,
fresh breadcrumbs,
french fries,
granulated sugar,Sugar Allergy / Intolerance
indian butter fish,Fish Allergy
lion dates syrup,Oral Allergy Syndrome
fresh jasmine buds,
full cream milk,Milk allergy / Lactose intolerance
garlic cloves,Allium Allergy
golden harvest sona masuri rice,Rice Allergy
italian bread,
khichdi/pongal,
for berry parfait:,Salicylate Allergy
gondhoraj lebu juice,
ith banana flower; an assamese specialty,Banana Allergy
half and half,
green channa sprouts,
green coffee beans,Legume Allergy
for chicken parmigiana:,Poultry Allergy
hash browns,
for gujiya pastry:,
gorgonzola cheese,
finger millet flour (ragi),
ladies finger,
jal jeera powder,
lamb bones (preferably shank and shoulder),
ghost chilli peppers (bhut jolokia),
lamb trotters,
jamun,
lebanese cucumber,
green tea leaves,Tannin Allergy
lemon glaze,Citrus Allergy
japanese curry,
lemon salt,Citrus Allergy
firm white pumpkin,
grapefruit,LTP Allergy
fennel green leafy fronds,
green moong beans,Legume Allergy
jawla fish,Fish Allergy
lobster shell,Shellfish Allergy
jeera whole,
horse gram flour,
ground white pepper (kali mirch),
hulled wheat,Gluten Allergy
green chili paste,
fish roe,Fish Allergy
jowar flour,
fox nuts,
for modak:,
haldi,
for the cous cous:,
khichia (rajasthani papad),
evaporated milk,Milk allergy / Lactose intolerance
khoya,
ginger ale,Histamine Allergy
khurchan (leftover from homemade ghee),
kachampuli,
gondhoraj lebu lemon,Citrus Allergy
green chilies,
halloumi cheese,
fish (cubed),Fish Allergy
gongura leaves (red roselle),
kadhi masala,
knol khol leaves (ganth gobi leaves),
kaffir lime juice,Citrus Allergy
kohl rabi,
guava puree,Oral Allergy Syndrome
kokums,
kahlua,
korean sweet potato noodles,Potato Allergy
kala chana,
kunafa dough (strands),
fresh corn kernels,Corn Allergy
kuttu atta,
gulab jamun mix,
lady fish,Fish Allergy
kala masala,
lamb (minced),
kalamansi (philippine small lime),Citrus Allergy
lamb chops or stewing lamb,
kalamata olives,
health mix,
glutinous rice,Rice Allergy
fennel,
gnocchi,
lavender flowers,
eggs,Poultry Allergy
fresh strawberries,Salicylate Allergy
kalpasi flower (stone flower),Stone Fruit Allergy
grain made from rice; usually made by heating rice kernels under high pressure in the presence of steam,Rice Allergy
kalpasi leaves,
herring fish steaks,Fish Allergy
kanchagolla,
espresso powder,
emami rice bran oil,Rice Allergy
french beans,Legume Allergy
kapok bud,
grape juice,LTP Allergy
goat brain,Alpha-gal Syndrome
lentils,Legume Allergy
kasha,
falsa,
forbidden black rice,Rice Allergy
honey mustard dressing,Honey Allergy
gobi,
loaf bread,
lychee,
horlicks,
fermented bamboo shoot,Histamine Allergy
fried onions,Allium Allergy
gobindobhog rice,Rice Allergy
fried rice,Rice Allergy
goji berries,
greek yogurt,Milk allergy / Lactose intolerance
kataifi dough,
hung curd,Milk allergy / Lactose intolerance
kebab masala,
habenaro sauce,
dahi,
dried turmeric,
cherry preserve /jam,
chickpea sprouts,
dulce de leche,
coconut (tender),
brahmi leaves,
chickpeas,Legume Allergy
dried fish named kolim or jawla found in coastal maharashtra with onion and spices. usually eaten with bhakri or chapati,Allium Allergy
coconut flakes,
cauliflower leaves,Cruciferous Allergy
coconut flour,
cape gooseberries,
butter (at room temperature),Milk allergy / Lactose intolerance
bourbon,
black lentils,Legume Allergy
cilantro,
bombay duck,Poultry Allergy
bread (white/brown),
eet peas in a masala/chili sauce,Legume Allergy
citron (narthangai),
chamomile tea,Tannin Allergy
clams,
chikki (peanut brittle),Peanut Allergy
cluster fig (gular),
black currant (dried),
black currant ice cream,Milk allergy / Lactose intolerance
colostrum (early milk),Milk allergy / Lactose intolerance
d in a yogurt tomato sauce. creamy texture.,"Nightshade Allergy, Milk allergy / Lactose intolerance"
chamomile tea bags,Tannin Allergy
christmas dry fruits (pre-soaked),
chicken (boneless,Poultry Allergy
chyawanprash,
chicken (boneless),Poultry Allergy
carnaroli rice,Rice Allergy
congee powder,
carrot (finely diced),Hypersensitivity
cooked basmati rice,Rice Allergy
broccoli pesto,Broccoli allergy
chicken (small pieces),Poultry Allergy
dried chamomile,
chicken breast (cut into strips),Poultry Allergy
chicken thigh/breast (cut crosswise into 1/2-inch-thin strips),Poultry Allergy
butterscotch ice cream,Milk allergy / Lactose intolerance
dried shrimps,
boneless chicken thigh (without skin),Poultry Allergy
breast milk or formula,Milk allergy / Lactose intolerance
byadagi chilli powder,
char magaz,
boneless skinless chicken thigh (trimmed),Poultry Allergy
dry green mango (vathal/ ambula),Oral Allergy Syndrome
chana jor garam,
boiled pork,
chinese potato,Potato Allergy
chicken wings without skin,Poultry Allergy
chinese rice wine,Rice Allergy
chicken liver,Poultry Allergy
corn chips,
cutlets,
chicken breasts (boneless),Poultry Allergy
cherry compote,
blueberry jam,Salicylate Allergy
dal stock,
cake mix,
dark chocolate (melted),
candy sugar,Sugar Allergy / Intolerance
dark chocolate coverture,
chicken drum sticks/ chicken breast,Poultry Allergy
chicken mince,Poultry Allergy
chivda,
dates (pitted),Oral Allergy Syndrome
bocconcini cheese,
carp fish,Fish Allergy
choco thins,
carrot,Hypersensitivity
botis,
cinnamon,
crab,
carrot cake,Hypersensitivity
crab meat,
chana stock,
brown rice flakes,Rice Allergy
dried blackberries,
chocolate brownie,
cinnamon sugar,Sugar Allergy / Intolerance
canned beans,Legume Allergy
citric acid,
cranberry juice,Salicylate Allergy
bread slices,
cream of tartar,Milk allergy / Lactose intolerance
cashew paste,
cheetos,
cashews,
brown rice flour,Rice Allergy
clamps,
chocolate drink powder,
cauliflower,Cruciferous Allergy
brown rice rava,Rice Allergy
black cardamom,
black gram (kala chana),
buns,
cumene seeds (jeera),
cauliflowers,Cruciferous Allergy
canned coconut milk,Milk allergy / Lactose intolerance
brinjal,
canned pineapple (preserved & tinned),Oral Allergy Syndrome
ces served on a skewer,
chocolate pearls,
duck,Poultry Allergy
chicken keema,Poultry Allergy
ed chicken preparation. chicken,Poultry Allergy
curry,
brioche loaf,
black soy beans,Legume Allergy
britannia cheese spread - peppy pizza,
butter biscuits (broken into pieces),Milk allergy / Lactose intolerance
baby brinjals,
amaranth leaves,
barnyard millet (bhagar flour),
sunflower oil,
tindora,
warm water,
to serve:,
wasabi mayo,
beetel leaves,
shahi jeera,
sweet paprika powder,
water (warm),
ash gourd chips,
water chestnut flour (kuttu ka aata),Nut Allergy
tandoori masala,
water or stock (to cover),
banana flower,Banana Allergy
watercress,
thick mutton chunks,
watermelon,
bermuda grass powder,
watermelon balls or small squares (seedless),
amul whipping cream,Milk allergy / Lactose intolerance
sunflower refined ooil,
smoked paprika,
whether hot or cold,
valor papdi,
whip cream,Milk allergy / Lactose intolerance
tamarind extract,
whipping cream,Milk allergy / Lactose intolerance
bacon,
toasted almonds (powdered),Nut Allergy
tarts,
toasted peanuts,Peanut Allergy
vanilla extracts,
white flour,
barbeque masala,
sunflower seeds,
basil powder,
white pepper (finely ground),
spring onion,Allium Allergy
tofu,
beetroot juice,
sesame oil (toasted),Seed Allergy
betel nut (supari),
white urad dal,
shrimp (de-veined,
surmai,
skinless chicken breasts,Poultry Allergy
white wine vinegar,
unsweetened cocoa powder,
whole chicken (skin on- rinsed and dressed),Poultry Allergy
arbi/colocasia roots,
whole dry red chillies,
urad dal flour (dry roast and grind the dal to a fine powder),
tomato confit,Nightshade Allergy
as a dish originated in the punjab before the independence of india and pakistan.,
whole free range chicken,Poultry Allergy
tamarind (lemon sized),Citrus Allergy
tomato ketchup,Nightshade Allergy
soda,
thyme dried,
solid butter unsalted,
semolina (rava/sooji),
sooji,
strawberry,Salicylate Allergy
soup sticks as required,
whole red chilli (sabut laal mirch),
tea bags,Tannin Allergy
stock,
baked tart of mixed sea food served with phyllo fruit bowl,Fish Allergy
whole spices mix (black pepper,
vanilla flavoured yogurt (low fat),Milk allergy / Lactose intolerance
whole spices:,
thai green curry paste,
whole urad dal,
barley flour,Gluten Allergy
whole wheat bread,Gluten Allergy
basella (malabar spinach),Histamine Allergy
semolina (rava/suji),
split urad dal,
whole wheat flour dough,Gluten Allergy
thick neck of lamb chops,
whole wheat flour or oat flour,Gluten Allergy
beef,
wild mushrooms,Mushroom Allergy
beetroot dip,
wilted spinach,Histamine Allergy
toasted almond flakes,Nut Allergy
tomatoes (diced),Nightshade Allergy
summer squash (zucchini),
winter carrots,Hypersensitivity
unpeeled),
tomatoes (peeled and seeded),Nightshade Allergy
sweet paprika,
written by tamil poet arunagirinathar. pori is offered to hindu gods and goddesses in all poojas in the south indian states of kerala and tamil nadu.,
tiger milk,Milk allergy / Lactose intolerance
xanthum gum,
skimmed milk powder,Milk allergy / Lactose intolerance
yeast,
sliced almonds,Nut Allergy
yellow capsicum cube (cut),
unsalted butter (room temperature),Milk allergy / Lactose intolerance
toor dal,
slivered almonds,Nut Allergy
surti papdi,
unsweetened toasted coconut flakes,
bitter gourd,
sweetened milk,Milk allergy / Lactose intolerance
yellow pepper,
smoked yogurt,Milk allergy / Lactose intolerance
yellow zucchini,
sweetener (optional),
yoghurt,Milk allergy / Lactose intolerance
tabasco,
sweet,
snow peas (trimmed),Legume Allergy
yogurt (strained),Milk allergy / Lactose intolerance
strawberries,Salicylate Allergy
yogurt/curd,Milk allergy / Lactose intolerance
aubergine,
yolk,
soaked rice,Rice Allergy
tortilla sheet,
to make a paste (you can increase or decrease according to your coffee tolerance),Ochratoxin Allergy
zucchini,
soft dried figs,
zucchini (cut in to 3 cm cubes),
somtam dressing,
à¤¹à¥€à¤‚à¤—,
sugar (fine grain),Sugar Allergy / Intolerance
aachi fish masala,Fish Allergy
sorghum flour,
tossed flax seeds (for topping),
tapioca flour,
aamras,
baguette (grilled slices),
traditional corn syrup (substitution honey),Honey Allergy
baingan,
sesame seeds (optional),Seed Allergy
bajra dosa batter,
bhakarwdis,
tempura batter,
sesame seeds or cinnamon),Seed Allergy
soy milk,Legume Allergy
bhindi/okra/vendaikkai,Histamine Allergy
soya chunks,Legume Allergy
shelled edamame (defrosted),Shellfish Allergy
bamboo shots,Histamine Allergy
"sweet ""dessert banana"" variety)",Banana Allergy
thai ginger,Histamine Allergy
agathiâ keerai,
spices,
agave nectar,
spicy yellow mustard,
shimla mirch,
these flakes of rice swell when added to liquid,Rice Allergy
ajwain powder,
they can be covered with sugar or honey and have a sweet taste,"Honey Allergy, Sugar Allergy / Intolerance"
alfalfa powder,
spinach leaves (cooked and drained),Histamine Allergy
turmeric powder,
vanilla liqueur,
all purpose flour,
basmati rice (soaked in water),Rice Allergy
shitake mushroom,Mushroom Allergy
spring fresh thyme - optional 1 bay leaf,
all-purpose flour,
vegetable broth,
sweet chilli sauce,
beaten rice flakes,Rice Allergy
almond flakes,Nut Allergy
sugar syrup/gur (jaggery) syrup,Sugar Allergy / Intolerance
almond oil (badam oil),Nut Allergy
vegetable oil/butter,
almond slivers,Nut Allergy
beetroot greens,
almonds,Nut Allergy
beetroot puree,
almonds (crushed),Nut Allergy
ber,
almonds whole,Nut Allergy
vermicelli,
turmeric powder(haldi),
though the method of manufacture varies widely. pori (puffed rice) has been mentioned in various tamil literatures as an offering to hindu deities. offerings of pori and jaggery made to vinayagar (lord ganesh) are mentioned in the tiruppugazh,Rice Allergy
sweet corn,Corn Allergy
vodka,
turnip,
bhang paste,
acorn squash,
steamer,
ada,
strawberries (to garnish),Salicylate Allergy
adobo sauce,
biscuit dough,
yellow moong daal,
sticky rice,Rice Allergy
yellow mustard,
whole red,
whole red beans,Legume Allergy
plus more for drizzling,
lecite,
raisins and cashew nuts,Nut Allergy
lobster,
salami milano,
mozzarella cheese fresh,
powdered turmeric,
mul yut (substitution honey),Honey Allergy
red chilli paste,
mung bean,Legume Allergy
ripe mango (diced),Oral Allergy Syndrome
lobster (de-shell and devein and make a small cube),Shellfish Allergy
scallion (white and pale green parts only),
musk melon seeds,
pork,
lobster meat,
pumpkin flowers,
mustard green,
red bell pepper (cut into thin strips),
kitchen king masala,
red grapes,LTP Allergy
mustard seed,
mixed dried herbs,
kitchen lime,Citrus Allergy
mixed nuts (almonds,Nut Allergy
mustard seeds (sarson),
salt to taste,
mutton,
plain yogurt (whipped with lemon rind),"Citrus Allergy, Milk allergy / Lactose intolerance"
mutton curry cut,
pomodaro tomatoes,Nightshade Allergy
nestle cream,Milk allergy / Lactose intolerance
melted white chocolate,
lobster stock,
prosciutto,
nuscovado sugar (you can also use normal sugar),Sugar Allergy / Intolerance
purple cabbage,Cruciferous Allergy
long beans,Legume Allergy
milk (to make the batter smooth. adjust the milk quantity according to your batter's smoothness),Milk allergy / Lactose intolerance
lemon zest,Citrus Allergy
red chili,
lentil flour,Legume Allergy
red chilli whole,
lettuce arugula (trummed),LTP Allergy
red onions,Allium Allergy
oats flour,
refined flour (for rolling),
kiwi,Oral Allergy Syndrome
rice vinegar,Rice Allergy
oil,
romaine lettuce,LTP Allergy
light soya,Legume Allergy
sabudana,
lime (halved),Citrus Allergy
molu leaf,
oil (sunflower or olive,
sauce,
oil for deep frying,
lemon (for lemon juice),Citrus Allergy
oil to fry,
plastic bag,
kiwifruiit,Oral Allergy Syndrome
polenta,
olive oil,
litchis (deseeded),
olive oil (for grilling),
potato (grated),Potato Allergy
olive oil (regular not extra virgin),
potol,
olive or sunflower oil,
prepared mustard,
lime (juiced),Citrus Allergy
prunes (stoned dried),Stone Fruit Allergy
one 9 x 13 inch layer of red velvet cakcake,
pure vanilla extract,
maida flour,
ragi flour (bhakri atta),
makki atta,
rashers lean bacon,
onion (finely diced),Allium Allergy
raw banana paste,Banana Allergy
onion (minced),Allium Allergy
red capsicum (can use green also),
onion (thin slices),Allium Allergy
red chilli,
onion paste,Allium Allergy
red chilli powder or paprika or cayenne pepper,
lemon wedges,Citrus Allergy
red chilly powder,
onion powder (optional),Allium Allergy
red onion,Allium Allergy
korean pear (substitution asian pear),Oral Allergy Syndrome
red pepper flakes (crushed),
onions,Allium Allergy
reduced milk,Milk allergy / Lactose intolerance
onions (cut into slices),Allium Allergy
lemon peel,Citrus Allergy
onions (quartered- skin on),Allium Allergy
mixed fruits (sultanas,
onions or shallots (cut in half),Allium Allergy
ripe banana,Banana Allergy
or any other liquids. the thicknesses of these flakes vary between almost translucently thin (the more expensive varieties) to nearly four times thicker than a normal rice grain.,Rice Allergy
mixed nuts,Nut Allergy
or parathas.,
rose petal powder,
or they can be fried in oil and spices and have a salty and/or spicy taste.[2],
mixed sea food,
malai or cream,Milk allergy / Lactose intolerance
saffron (kesar) strands,
orange (zested and juiced),Citrus Allergy
mixed vegetables,
orange essence,Citrus Allergy
salt and lime,Citrus Allergy
orange juice,Citrus Allergy
salted. in case you are using unsalted butter,Milk allergy / Lactose intolerance
orange juice,Citrus Allergy
savory tart shell (semi baked),
orange rind,Citrus Allergy
mozzarella buffalo cheese,
orange zest,Citrus Allergy
plain yogurt,Milk allergy / Lactose intolerance
malvani masala,
planko bread crumbs,
organic all-purpose flour,
plums (cut),Stone Fruit Allergy
mango,Oral Allergy Syndrome
poha,
paan (crushed),
liquid glucose,Sugar Allergy / Intolerance
palak,
poppy seed,
palm sugar,Sugar Allergy / Intolerance
poppy seeds (khus-khus),
panch phoran masala,
melon seeds,
paneer (cooked),
potato fries,Potato Allergy
paneer (cottage cheese),
potatoes (peeled),Potato Allergy
mango flesh,Oral Allergy Syndrome
methi leaves,
maple syrup,
microgreen,
parboiled rice,Rice Allergy
khus-khus seeds,
parmesan,
prunes,Stone Fruit Allergy
parmesan,
puffed rice,Rice Allergy
marinade,
pure olive oil,
parmesan cheese shavings,
pureed tamarind,
parmigiano cheese,
quinoa,
khaand (a sweetening agent and a healthier substitute of sugar),Sugar Allergy / Intolerance
lemon (zest and juice),Citrus Allergy
parsley or coriander (choose the herb that most suits your taste buds),Hypersensitivity
rapeseed oil,
parsley sprig,Hypersensitivity
raspberry puree,Salicylate Allergy
parsley sprigs,Hypersensitivity
raw banana (boiled),Banana Allergy
scrubbed,
milk (warm),Milk allergy / Lactose intolerance
seabass fish curry cuts,Fish Allergy
red cabbage,Cruciferous Allergy
marshmallow,
red capsicum cube (cut),
peanut butter,Peanut Allergy
milk chocolate or dark chocolate,Milk allergy / Lactose intolerance
peanut oil,Peanut Allergy
milk full fat,Milk allergy / Lactose intolerance
peanut oil or vegetable oil (divided),Peanut Allergy
minced garlic,Allium Allergy
lemon syrup,Citrus Allergy
red chilli sauce,
peanuts (crushed),Peanut Allergy
mini chocolate chips,
peanuts (to garnish),Peanut Allergy
litre milk,Milk allergy / Lactose intolerance
peanuts),Peanut Allergy
lemon grass,Citrus Allergy
marshmallows,
red onion (optional),Allium Allergy
masala,
mint leaf (crushed nuts,
pecans,Nut Allergy
red pepper flakes (if you like it spicy)),
pectin,
red wine vinegar,
mascarpone,
mint leaves,
mashed potato,Potato Allergy
mix bell pepper,
pepper corn,
refined oil (for fryingp),
masoor dal,
rice (washed),Rice Allergy
peppercorn,
rice noodles (soaked in warm water for 20-25 minutes),Rice Allergy
peppercorn (crushed),
ridge gourd,
peppercorns,
ripe bananas,Banana Allergy
pepperoni,
roasted gram flour,
peri peri sauce,
roma tomatoes (de-seedeed),Nightshade Allergy
phyllo pastry,
rose essence or vanilla essence,
phyllo pastry sheet,
rose petals (dried),
phyllo sheets,
rose water (infused with 4-5 strands of saffron),
pickled jalapenos (drained),
rum,
pineapple,Oral Allergy Syndrome
kosher salt,
pineapple chunks,Oral Allergy Syndrome
saffron strands / thread,
pineapple slices,Oral Allergy Syndrome
salmon fillet,Fish Allergy
pink pepper corn,
salt,
pink peppercorns (crushed),
salt and black pepper,
matcha powder,
lemon slices (1/8 inch thick),Citrus Allergy
pistachio paste,
mornay sauce,
pistachios,
mozerella cheese,
pistachios (blanched),
saunf,
pizza sauce,
scallion,
pizza spice mix,
screw pine essence (kewra),
pizza/flatbread base,
plain couscous,
parsley stems,Hypersensitivity
seasoning salt,
peach fruit slices,Stone Fruit Allergy
large shrimps (optional),
peanut,Peanut Allergy
ginger (large),Histamine Allergy
halved,
green cardamoms(powdered),
egg whole frozen,
jaggery (organic),
egg yoks,
granulated sugar,Sugar Allergy / Intolerance
coriander stems,
green pepper,
egg yolks,
dark soy sauce,Legume Allergy
egg yolks + whole eggs,Poultry Allergy
gelatine,
eggplant,Nightshade Allergy
goan rice,Rice Allergy
cream (fresh),Milk allergy / Lactose intolerance
green bell pepper,
eggs (separated),Poultry Allergy
green chillies (slit),
eggs (slightly beaten),Poultry Allergy
ground coriander,
eggs (slightly whisked),Poultry Allergy
herbs (basil,
elachi,
dates (pitted),Oral Allergy Syndrome
elaichi,
jerk seasoning powder (bottled),
elephant foot yam,Potato Allergy
ghee/clarified butter,
english mustard paste,
cornflour (blended with water),Corn Allergy
dinner rolls,
gooseberry,Salicylate Allergy
extra butter (for crisping the crepe),Milk allergy / Lactose intolerance
dry red chilli,
extra olive oil,
green cardamom pod,
dosa batter (for 4 dosas),
dahi,
falooda sev,
digestive biscuits,
fennel,
cranberry,Salicylate Allergy
fennel powder,
ground pimento,
cream cheese (softened and cut into 8 pieces),Milk allergy / Lactose intolerance
hazelnut (toasted),Nut Allergy
fennel seeds (saunf) (crushed coarsely),
hoisin sauce,
fennel seeds powder,
dates,Oral Allergy Syndrome
fenugreek (methi),
instant vanilla pudding mix,
dehusked rice which is flattened into flat light dry flakes,Rice Allergy
jalapenos,
cream cheese (softened),Milk allergy / Lactose intolerance
dhaniya,
feta cheese,
ghee or oil,
feta cheese (crumbled),
corn flakes,Corn Allergy
few dashes of hot sauce,
cumin seed,
few shakes of black pepper,
ginger/galangal,Histamine Allergy
filling,
gobi,
filo sheets,
dry ginger powder,Histamine Allergy
cow ghee,
currants; golden raisins; dark raisins (each),
fish fillet (pomfret (or any white fish),Fish Allergy
dry roasted,
fish fillets,Fish Allergy
green capsicum cube (cut),
five spice,
couscous,
flax or chia seeds,
curry powder,
cream of tarter,Milk allergy / Lactose intolerance
dunkleweizen (pour into a glass and keep open at room temperature for an hour or two to make flat),
food thermometer,
green chily,
for cajun spice:,
green papaya,Oral Allergy Syndrome
for chana chaat:,
green zucchini,
for cooking chicken:,Poultry Allergy
ground chickpea flour (sattu),
for flexy berry:,Salicylate Allergy
ground hazelnut,Nut Allergy
for garnish:,
egg (lightly beaten),
for garnishing:,
ham slices,
for gujiya stuffing:,
hazelnut streusel,Nut Allergy
for hazelnut streusel:,Nut Allergy
himalayan salt,
for hazelnut white chocolate pressed sable:,Nut Allergy
home made prawn crisp,
for marinating sauce:,
honey/sugar,"Honey Allergy, Sugar Allergy / Intolerance"
for namak para:,
ice cold water,
for pepperonata:,
egg white,
for sugar syrup:,Sugar Allergy / Intolerance
dates (ripe),Oral Allergy Syndrome
for the dressing:,
jalapeno,
for the ratatouille:,
jeera powder,
for thousand island dressing:,
cucumbers,
french bean diamond,Legume Allergy
cumin,
dried breadcrumbs (for rolling),
cumin (powdered),
fresh basil leaves,
ghee or oil (to crisp the dosa),
fresh berry,Salicylate Allergy
gherkin,
fresh bhang leaves,
ginger (1 inch),Histamine Allergy
fresh buffalo mozzarella cheese,
dry dates,Oral Allergy Syndrome
fresh cherries,
ginger juice,Histamine Allergy
fresh chives (dried if fresh not available),
cranberries (frozen/ dried),
dried figs,
cumin seeds (jeera),
cream/malai,Milk allergy / Lactose intolerance
goat cheese,Milk allergy / Lactose intolerance
fresh coconut (pieces),
gochugaru (red chili pepper flakes),
fresh coconut paste,
grain sugar,Sugar Allergy / Intolerance
fresh coriander,
gram flour (besan),
fresh coriander leaves,
grapes,LTP Allergy
kalonjee,
gravy,
kashmiri chilies,
greek yogurt (whisked),Milk allergy / Lactose intolerance
kashmiri chilly,
dry sherry,
dried fruits,
green capsicum,
crumbled sage and thyme,
dharwadi buffalo milk,Milk allergy / Lactose intolerance
kewda to flavor,
green cardamom pods,
crush black pepper,
curry leaves (deep fried),
fresh lemon juice,Citrus Allergy
curry leaves (kadhi patta),
fresh lime (juiced),Citrus Allergy
green chilles,
fresh mint leaves,
dry yeast,
fresh parsley (dried if fresh not available),Hypersensitivity
dal,
dried mango,Oral Allergy Syndrome
green chillies(slit open),
fresh peach slices,Stone Fruit Allergy
green lemon juice,Citrus Allergy
fresh pineapple,Oral Allergy Syndrome
dijon mustard,
fresh pineapple chunks,Oral Allergy Syndrome
dark brown sugar,Sugar Allergy / Intolerance
fresh raspeberry,Salicylate Allergy
green pepper corn,
fresh strawberries,Salicylate Allergy
ground almonds (toasted),Nut Allergy
fresh thyme,
ground cardamom,
fresh thyme sprigs,
ground cinnamon,
fresh thyme sprigs (washed or 1/2 tsp dried thyme),
egg,
fresh tomato,Nightshade Allergy
ground nut oil,Peanut Allergy
fresh turmeric,
ground sugar,Sugar Allergy / Intolerance
fresh yogurt/curd(beaten),Milk allergy / Lactose intolerance
haldi,
jowar flour,
ham,
kaju paste,
hara chana),
deggi mirch,
hazelnut powder,
fried milk power,Milk allergy / Lactose intolerance
dark chocolate (melted),
fried mixed herbs (italian herb),
himalayan pink salt / rock salt,
frozen green peas,Legume Allergy
egg (scrambled),
fry,
hollandaise sauce,
dried rose petals,
homemade or vegan pesto),
crush mix chilli,
honey or maple syrup,Honey Allergy
crushed jaggery,
hot curry powder,
cube size),
hung curd,Milk allergy / Lactose intolerance
drumstick,
iceberg lettuce,LTP Allergy
garlic (crushed),Allium Allergy
egg (slightly beaten),
garlic (halved - skin on),Allium Allergy
instant espresso (mixed with 1 tbsp water),
dessicated coconut (optional),
italian parmesan cheese,
garlic clove,Allium Allergy
jaggery,
corn flour or all purpose flour,Corn Allergy
egg white powder,
dry chilli,
jalapeno poppers,
garlic cloves (halved),Allium Allergy
jeera,
cucumber (diced),
jerk seasoning paste (bottled),
dry chilli flakes,
egg whites,
garlic minced,Allium Allergy
kala jeera,
freshly ground black pepper,
freshly ground pepper,
kashmiri chilli powder,
fresh ginger (peeled),Histamine Allergy
kashmiri red chili powder,
fresh green chilli,
kasturi methi,
fresh green chillies (deseeded),
kasuri methi (dry fenugreek),
fresh green chilly,
kewra,
fresh green peas,Legume Allergy
fresh italian parsley,Hypersensitivity
cashew nuts and almonds,Nut Allergy
assorted garden herbs ( parsley,Hypersensitivity
chia seed,
basil pesto (purchased,
coffee powder + 1 tsp water,Ochratoxin Allergy
basil sprig,
celery stalks,Hypersensitivity
basil-tomato sauce,Nightshade Allergy
chicken stock,Poultry Allergy
add 1/4 tsp salt),
axone,
basmati rice (soaked for 2 hours),Rice Allergy
active charcoal,
ajinomoto (optional),
apricot,Stone Fruit Allergy
bay leaf,
cheddar (extra sharp),
bay leaf),
chicken breast supremes,Poultry Allergy
chilli powder,
asafoetida,
bayleaf,
assorted seasonal fruits,
bbq sauce,
coconut (diced),
bean sprouts,Legume Allergy
barley salsa,Gluten Allergy
alapenos,
ao nori herb,
bedki chillies,
cashews (optional),
beer,Beer Allergy
celery,Hypersensitivity
garlic cloves,Allium Allergy
aromat powder,
beetroot colour or two oven cooked beetroot paste,
cheong ju (clear rice wine similar to japanese sake),Rice Allergy
beetroot puree,
chicken (cut into pieces),Poultry Allergy
bell pepper,
chicken leg pieces,Poultry Allergy
bell pepper (sautéed and diced),
chickpeas,Legume Allergy
bell pepper chop,
chillil flakes,
all purpose white flour,
chopped tomatoes,Nightshade Allergy
bell peppers(all 3),
avocado (ripened and diced),Oral Allergy Syndrome
all spice powder,
cocoa,
jaggery,
20 ml stock vegetarian,
berry puree,Salicylate Allergy
cookes peas,Legume Allergy
all-purpose gluten free flour,
coriander leaves (chopped),
bhang seed powder,
anise (whole),
bhatura,
thyme,
bhuna chana,
apple cider,Oral Allergy Syndrome
big lemon,Citrus Allergy
apple juice,Oral Allergy Syndrome
biryani masala,
apricots (dried),Stone Fruit Allergy
biryani masala powder,
celery leaves,Hypersensitivity
bitter gourd,
chana,
bittersweet chocolate,
chargrilled red/yellow/green bell peppers (quartered),
lemon juice,Citrus Allergy
cheese inside rice,Rice Allergy
black cardamom powder,
cherry tomatoes,Nightshade Allergy
black cardamom seeds,
chick peas,Legume Allergy
almond essence,Nut Allergy
chicken (diced)),Poultry Allergy
black garlic pickle,Allium Allergy
chicken chunks,Poultry Allergy
black mustard seeds,
chicken or vegetable stock,Poultry Allergy
black olive,
chicken thigh,Poultry Allergy
black olive tapenade,
chilled water,
almond flour,Nut Allergy
1/2 tsp breakfast sugar,Sugar Allergy / Intolerance
black pepper (crushed to taste),
chipotle powder,
almond milk,Nut Allergy
assorted herb and seasoning,
black pepper (freshly ground),
assorted seasonal fruit,
black pepper corn,
atta,
black pepper corn (crushed),
avocado paste,Oral Allergy Syndrome
black pepper corns,
bacon strips,
lemon zest,Citrus Allergy
10 ml potato starch,Potato Allergy
manila clams or cockles,
coconut flakes,
black peppercorns (crushed),
coconut powder,
mullet bottarga (optional; see note),
cooked green peas,Legume Allergy
black salt,
cooking cream,Milk allergy / Lactose intolerance
almonds (badam) - coarsley crushed,Nut Allergy
aamchoor powder,
blend rice,Rice Allergy
basil etc.,
parsley,Hypersensitivity
carom seeds (ajwain),
boiled potatoes,Potato Allergy
carrot (peeled),Hypersensitivity
almonds (chopped),Nut Allergy
carrots (roughly quartered),Hypersensitivity
bokchoy,
cashew nuts (crushed),Nut Allergy
bombay rava,
cashew nuts paste,Nut Allergy
boneless and skinless chicken breasts (chopped into 3cm pieces),Poultry Allergy
apple cider vinegar,Oral Allergy Syndrome
rosemary,
cashews and raisins,
boondi,
apple pie spice (cinnamon),Oral Allergy Syndrome
bottle gourd (boiled and sun dried),
cauliflower,Cruciferous Allergy
almonds (halved),Nut Allergy
arborio rice,Rice Allergy
bread,
celery (finely diced),Hypersensitivity
bread crumb,
celery stalk,Hypersensitivity
red pepper,
1 fried onion (medium),Allium Allergy
bread crumbs (as required),
chana daal,
bread crumbs / semolina,
chana masala,
bread crumbs for crunchyness,
chawli,
bread slices,
aromatic powder,
almonds (shredded),Nut Allergy
chenna cheese,
brinjal,
aromatic sauce,
almonds (slivered,Nut Allergy
chesse,
broken cashew,
chia seeds,
brown bread slices,
arrowroot powder,
brown onion paste,Allium Allergy
chicken (dark meat),Poultry Allergy
almonds (whole),Nut Allergy
chicken breast,Poultry Allergy
browned onions,Allium Allergy
chicken broth,Poultry Allergy
buckwheat flour,Gluten Allergy
chicken drumsticks,Poultry Allergy
butchery bag,
artichoke hearts,Insulin Allergy
almonds and pistachios,Nut Allergy
chicken salami,Poultry Allergy
butter,Milk allergy / Lactose intolerance
chicken stock/broth,Poultry Allergy
butter (chilled),Milk allergy / Lactose intolerance
chickpea flour,
butter (room temp cut into 1 inch pieces),Milk allergy / Lactose intolerance
artichoke hearts (cubed),Insulin Allergy
butter (softened,Milk allergy / Lactose intolerance
as they absorb water,
aloo,
chilli pepper (sliced),
butter (to rub),Milk allergy / Lactose intolerance
asparagus spears(cooked),
buttermilk,Milk allergy / Lactose intolerance
chinese rice wine,Rice Allergy
buttermilk (divided),Milk allergy / Lactose intolerance
assam tea bags,Tannin Allergy
buttermilk (well-shaken),Milk allergy / Lactose intolerance
chocolate block,
butternut squash,
chop masala,
alum powder,
cider vinegar,
spaghetti,
cilantro work best),
cajun spice,
cinnamon,
cake flour,
aubergines (cut in to 3 cm cubes),
candied green cherried (halved),
1/4 cup plus 1 tablespoon extra-virgin olive oil,
candied peels and cherries),
clarified butter (ghee),Milk allergy / Lactose intolerance
candied pineapple (diced),Oral Allergy Syndrome
baby potatoes,Potato Allergy
candied red cherries (halved),
cloves (whole),
canned pelati tomatoes (cooked),Nightshade Allergy
cocoa butter,
canola oil,
20 gm porcini,
cantaloupe,
coconut (unsweetened),
american corn kernels,Corn Allergy
coconut ice,
capsicum green,
50 ml oil,
capsicum red,
coffee,Ochratoxin Allergy
capsicum yellow,
bamboo skewers,Histamine Allergy
caramel sauce,
a 15th-century anthology of tamil religious songs,
anardana,
cookie crumble,
cardamom (elaichi) powder,
barley,Gluten Allergy
cardamom pods,
coriander (toasted & ground),
ancho chilli,
coriander leaves,
cardamom powder,
coriander leaves/cilantro,
cardamom seeds,
coriander seed powder,
and had with bread,
carom seeds,
